18 Wheeler - American Pro Trucker (Japan).pvr,HDR0080.pvr
21 - Two One - (Japan).pvr,T46503M.pvr
Advanced Daisenryaku 2001 (Japan).pvr,HDR0158.pvr
Advanced Daisenryaku - Europe no Arashi - Doitsu Dengeki Sakusen (Japan).pvr,HDR0066.pvr
Aero Dancing F (Japan).pvr,T6804M.pvr
Aero Dancing F - Todoroki Tsubasa no Hatsu Hikou (Japan).pvr,T6805M.pvr
Aero Dancing featuring Blue Impulse (Japan).pvr,T6802M.pvr
Aero Dancing i (Japan).pvr,T6807M.pvr
Aero Dancing i - Jikai Sakuma de Machite Masen (Japan).pvr,T6809M.pvr
Aero Dancing - Torodoki Taichou no Himitsu Disc (Japan).pvr,T6803M.pvr
After... (Japan).pvr,T18706M.pvr
Aikagi (Japan).pvr,T20130M.pvr
Air (Japan).pvr,T20112M.pvr
Airforce Delta (Japan).pvr,T9502M.pvr
Akihabara Dennou-gumi Pata Pies! (Japan).pvr,HDR0019.pvr
Alice's Mom's Rescue (Japan).pvr,AMRRE1.pvr
Angel Present (Japan).pvr,T20107M.pvr
Angel Wish (Japan).pvr,T18712M.pvr
Angel Wish Limited Edition (Japan).pvr,PIO05202.pvr
Animastar (Japan).pvr,T34101M.pvr
Ao no 6-gou - Saigetsu Hito o Matazu - Time and Tide (Japan).pvr,HDR0075.pvr
Aoi Hagane no Kihei - Space Griffon (Japan).pvr,T39601M.pvr
Atsumare! GuruGuru Onsen (Japan).pvr,HDR0015.pvr
Atsumare! GuruGuru Onsen BB (Japan).pvr,HDR0121.pvr
Bakumatsu Rouman Dai Ni Maku - Gekka no Kenshi Final Edition (Japan).pvr,T3107M.pvr
Bakuretsu Muteki Bangaioh (Japan).pvr,T38702M.pvr
Baldr Force EXE (Japan).pvr,T47110M.pvr
Bass Rush Dream - EcoGear PowerWorm Championship (Japan).pvr,T5801M.pvr
Battle Beaster (Japan).pvr,T43801M.pvr
Berserk - Millennium Falcon Hen Wasurebana no Shou (Japan).pvr,T2101M.pvr
BikkuriMan 2000 - Viva! Festiva! (Japan).pvr,T41801M.pvr
Biohazard 2 (Japan).pvr,T1214M.pvr
Biohazard 3 - Last Escape (Japan).pvr,T1222M.pvr
Biohazard Code - Veronica (Japan).pvr,T1207M.pvr
Biohazard Code - Veronica Complete (Japan).pvr,T1240M.pvr
Biohazard Code - Veronica Limited Edition (Japan).pvr,T1210M.pvr
Black-Matrix Advanced (Japan).pvr,T20101M.pvr
Blue Sky Blue (Japan).pvr,T23205M.pvr
Blue Sky Blue Limited Edition (Japan).pvr,T23204M.pvr
Blue Stinger (Japan).pvr,HDR0003.pvr
Bokomu no Tatsujin (Japan).pvr,T42904M.pvr
Boku Doraemon (Japan).pvr,T41802M.pvr
Boku no Tennis Jinsei (Japan).pvr,T41202M.pvr
Boku to Bokura no Natsu (Japan).pvr,T19717M.pvr
Bomber Hehhe! (Japan).pvr,T42903M.pvr
Border Down (Japan).pvr,T46703M.pvr
Bounty Hunter Sara - Holy Mountain no Teiou (Japan).pvr,T1243M.pvr
Buggy Heat (Japan).pvr,T6801M.pvr
Cafe Little Wish - Mahou no Recipe (Japan).pvr,T46513M.pvr
Canary - Kono Omoi o Uta ni Nosete (Japan).pvr,T20111M.pvr
Candy Stripe (Japan).pvr,HDR0172.pvr
Candy Stripe Limited Edition (Japan).pvr,HDR0175.pvr
Canvas (Japan).pvr,T20108M.pvr
Capcom vs. SNK 2 - Millionaire Fighting 2001 (Japan).pvr,T1249M.pvr
Capcom vs. SNK - Millennium Fight 2000 (Japan).pvr,T1217M.pvr
Capcom vs. SNK - Millennium Fight 2000 Pro (Japan).pvr,T1247M.pvr
Card of Destiny - Hikari to Yami no Tougoumono (Japan).pvr,T44406M.pvr
Card of Destiny - Hikari to Yami no Tougoumono Limited Edition (Japan).pvr,T44405M.pvr
Cardcaptor Sakura - Tomoyo no Video Daisakusen (Japan).pvr,HDR0115.pvr
Cardcaptor Sakura - Tomoyo no Video Daisakusen Limited Edition (Japan).pvr,HDR0132.pvr
Carrier (Japan).pvr,T5701M.pvr
Castle Fantasia - Seima Taisen (Japan).pvr,T46901M.pvr
Chaos Field (Japan).pvr,T47801M.pvr
Charge 'n Blast (Japan).pvr,T4402M.pvr
Cherry Blossom (Japan).pvr,T37912M.pvr
Cherry Blossom Limited Edition (Japan).pvr,T37913M.pvr
Chocolat - Maid Cafe Curio (Japan).pvr,T47107M.pvr
Chou Hatsumei Boy Kanipan - Bousou Robot no Nazo! (Japan).pvr,HDR0021.pvr
Choukousenki Kikaioh (Japan).pvr,T1206M.pvr
Choukousenki Kikaioh for Matching Service (Japan).pvr,T1232M.pvr
Christmas Seaman (Message) (Japan).pvr,T39403M.pvr
Christmas Seaman (Present) (Japan).pvr,T39404M.pvr
Chu-Chu Rocket! (Japan).pvr,HDR0039.pvr
Chu-Chu Rocket! with Controller (Japan).pvr,HDR0048.pvr
Cleopatra Fortune (Japan).pvr,T16603M.pvr
Climax Landers (Japan).pvr,HDR0009.pvr
Close to - Inori no Oka (Japan).pvr,T19704M.pvr
Comic Party (Japan).pvr,T38301M.pvr
Comic Party Limited Edition (Japan).pvr,T38302M.pvr
Communication Logic Battle Daisessen (Japan).pvr,T35403M.pvr
Confidential Mission (Japan).pvr,HDR0160.pvr
Cool Boarders Burrrn! (Japan).pvr,T36901M.pvr
Cool Cool Toon (Japan).pvr,T3106M.pvr
Cosmic Smash (Japan).pvr,HDR0176.pvr
CR Hissatsu Shigotonin - Pachitte Chonmage @ VPACHI (Japan).pvr,T45801M.pvr
Crazy Taxi (Japan).pvr,HDR0053.pvr
Crazy Taxi 2 (Japan).pvr,HDR0159.pvr
Culdcept II (Japan).pvr,T43903M.pvr
D+Vine [Luv] (Japan).pvr,T46501M.pvr
D2 - D no Shokutaku 2 (Japan).pvr,T30006M.pvr
D2 - D no Shokutaku 2 (Bliss) (Japan).pvr,T30004M.pvr
D2 - D no Shokutaku 2 (Eclipse) (Japan).pvr,T30005M.pvr
D2 - D no Shokutaku 2 (Hope) (Japan).pvr,T30003M.pvr
D2 Shock (Japan).pvr,T30001M.pvr
Dance Dance Revolution 2nd Mix - Dreamcast Edtion (Japan).pvr,T9506M.pvr
Dance Dance Revolution Club Version Dreamcast Edition (Japan).pvr,T9508M.pvr
Dancing Blade Katteni Momotenshi (Japan).pvr,T9504M.pvr
Dancing Blade Katteni Momotenshi II - Tears of Eden (Japan).pvr,T9505M.pvr
Daytona USA 2001 (Japan).pvr,HDR0106.pvr
De La Jet Set Radio (Japan).pvr,HDR0128.pvr
Dead or Alive 2 (Japan).pvr,T3602M.pvr
Dead or Alive 2 - Limited Edition (Japan).pvr,T3601M.pvr
Death Crimson 2 (Japan).pvr,T23201M.pvr
Death Crimson OX (Japan).pvr,T23202M.pvr
Dejiko no Maibura (Japan).pvr,T44601M.pvr
Dengen Tenshi Taisen Mahjong - Shangri-La (Japan).pvr,T40801M.pvr
Dennou Senki - Virtual-On - Oratorio Tangram (Japan).pvr,HDR0040.pvr
Denpa Shounen-teki Kenshou Seikatsu - Nasubi no Heya (Japan).pvr,T14305M.pvr
Densha de Go! 2 (Japan).pvr,T1102M.pvr
Derby Tsuku 2 (Japan).pvr,HDR0167.pvr
Derby Tsuku - Derby Uma o Tsukurou! (Japan).pvr,HDR0084.pvr
DeSpiria (Japan).pvr,T14402M.pvr
DiGiCharat Fantasy (Japan).pvr,T46302M.pvr
DiGiCharat Fantasy Limited Edition (Japan).pvr,T46301M.pvr
Digital Keiba Shinbun My Track Man (Japan).pvr,T37001M.pvr
Dino Crisis (Japan).pvr,T1220M.pvr
Doguu Senki - Haou (Japan).pvr,T9101M.pvr
Doki Doki Idol Star Seeker Remix (Japan).pvr,T46701M.pvr
Dousoukai 2 - Again & Refrain (Japan).pvr,T20113M.pvr
Dream Passport 3 (Japan).pvr,6107819.pvr
Dream Passport 3 - Urban Style (Japan).pvr,6107894.pvr
Dream Passport Premier (Japan).pvr,6108061.pvr
Dream Studio (Japan).pvr,HDR0114.pvr
DreamFlyer (Japan).pvr,HDR0042.pvr
Dynamite Deka 2 (Japan).pvr,HDR0020.pvr
Ecco the Dolphin - Defender of the Future (Japan).pvr,HDR0103.pvr
Eisei Meijin III - Game Creator Yoshimura Nobuhiro no Zunou (Japan).pvr,T9503M.pvr
El Dorado Gate Volume 1 (Japan).pvr,T1223M.pvr
El Dorado Gate Volume 2 (Japan).pvr,T1224M.pvr
El Dorado Gate Volume 3 (Japan).pvr,T1225M.pvr
El Dorado Gate Volume 4 (Japan).pvr,T1226M.pvr
El Dorado Gate Volume 5 (Japan).pvr,T1227M.pvr
El Dorado Gate Volume 6 (Japan).pvr,T1228M.pvr
El Dorado Gate Volume 7 (Japan).pvr,T1229M.pvr
Elemental Gimmick Gear (Japan).pvr,T14302M.pvr
Elysion (Japan).pvr,T20116M.pvr
Erde - Nezu no Izuki no Shita de (Japan).pvr,T19720M.pvr
Es (Japan).pvr,T45501M.pvr
Espion-Age-Nts (Japan).pvr,T38804M.pvr
Eternal Arcadia (Japan).pvr,HDR0076.pvr
Eternal Arcadia @barai Version (Japan).pvr,HDR0119.pvr
Eternal Arcadia Limited Edition (Japan).pvr,HDR0109.pvr
Eve Zero - The Ark of the Matter (Japan).pvr,T39802M.pvr
Ever 17 - The Out of Infinity (Japan).pvr,T19716M.pvr
Ever 17 - The Out of Infinity Premium Edition (Japan).pvr,T19723M.pvr
Exodus Guilty Neos (Japan).pvr,T44404M.pvr
F1 World Grand Prix (Japan).pvr,T3001M.pvr
F1 World Grand Prix II (Japan).pvr,T3002M.pvr
F355 Challenge (Japan).pvr,HDR0100.pvr
Fighting Vipers 2 (Japan).pvr,HDR0133.pvr
Fish Life - Amazon (Japan).pvr,HDR0094.pvr
Fire Pro Wrestling D (Japan).pvr,T18805M.pvr
First Kiss * Monogatari 2 (Japan).pvr,T46305M.pvr
First Kiss * Monogatari 2 Limited Edition (Japan).pvr,T46304M.pvr
Fish Eyes Wild (Japan).pvr,T9105M.pvr
For Symphony - With All One's Heart (Japan).pvr,T37908M.pvr
Fragrance Tale (Japan).pvr,T37904M.pvr
Frame Gride (Japan).pvr,T34201M.pvr
Fushigi no Dungeon - Fuurai no Shiren Gaiden - Onna Kenshi Asuka Kenzan! (Japan).pvr,HDR0187.pvr
Gaia Master Kessen! - Seikiou Densetsu (Japan).pvr,T1212M.pvr
Gakkyuou Yamazaki - Yamazaki Oukoku Oofun Araso (Japan).pvr,HDR0050.pvr
Ganbare Nippon! Olympic 2000 (Japan).pvr,T9511M.pvr
Garou - Mark of the Wolves (Japan).pvr,T3108M.pvr
Garou - Mark of the Wolves - SNK Best (Japan).pvr,T47302M.pvr
Get Bass (Japan).pvr,HDR0023.pvr
Get Bass 2 (Japan).pvr,HDR0169.pvr
Get Bass with Fishing Controller (Japan).pvr,HDR0012.pvr
Get!! Colonies (Japan).pvr,HDR0071.pvr
Ghost Blade (Japan).pvr,TGBREJP.pvr
Giant Gram 2000 - All-Japan Pro Wrestling 3 (Japan).pvr,HDR0101.pvr
Giant Gram - All-Japan Pro Wrestling 2 (Japan).pvr,HDR0005.pvr
Giga Wing (Japan).pvr,T1208M.pvr
Giga Wing 2 (Japan).pvr,T1239M.pvr
Godzilla Generations (Japan).pvr,HDR0004.pvr
Godzilla Generations Maximum Impact (Japan).pvr,HDR0047.pvr
Golem no Maigo (Japan).pvr,T41501M.pvr
Golf Shiyouyo (Japan).pvr,T40901M.pvr
Golf Shiyouyo 2 - Aratanaru Chousen (Japan).pvr,T44501M.pvr
Golf Shiyouyo Adventure Hen (Japan).pvr,T40904M.pvr
Golf Shiyouyo Kouryaku Pack (Japan).pvr,T40903M.pvr
Grandia II (Japan).pvr,T4503M.pvr
Grandia II Limited Edition (Japan).pvr,T4502M.pvr
Grauen no Torikago Kapitel 1 - Keiyaku (Japan).pvr,HDR0033.pvr
Grauen no Torikago Kapitel 2 - Torikago (Japan).pvr,HDR0034.pvr
Grauen no Torikago Kapitel 3 - Kansei (Japan).pvr,HDR0035.pvr
Grauen no Torikago Kapitel 4 - Kaikou (Japan).pvr,HDR0036.pvr
Grauen no Torikago Kapitel 5 - Shoukuzai (Japan).pvr,HDR0037.pvr
Grauen no Torikago Kapitel 6 - Senritsu (Japan).pvr,HDR0038.pvr
Guilty Gear X (Japan).pvr,T2402M.pvr
Gunbird 2 (Japan).pvr,T1213M.pvr
Gundam Battle Online (Japan).pvr,T13304M.pvr
Gunspike (Japan).pvr,T1219M.pvr
Guruguru Onsen 2 (Japan).pvr,HDR0168.pvr
Guruguru Onsen 3 (Japan).pvr,HDR0195.pvr
Hanagumi Taisen Columns 2 (Japan).pvr,HDR00461.pvr
Happy Breeding (Japan).pvr,T46512M.pvr
Happy Lesson (Japan).pvr,T19503M.pvr
Happy Lesson - First Lesson (Japan).pvr,T19504M.pvr
Harusame Youbi (Japan).pvr,T20106M.pvr
Heavy Metal - Geomatrix (Japan).pvr,T1246M.pvr
Hello Kitty no Dream Passport 2 (Japan).pvr,6107349.pvr
Hello Kitty no Garden Panic (Japan).pvr,6107381.pvr
Hello Kitty no Magical Block (Japan).pvr,HDR0070.pvr
Hello Kitty no Otonaru Mail (Japan).pvr,HDR0065.pvr
Hello Kitty no Waku Waku Quiz (Japan).pvr,HDR0090.pvr
Hello Kitty no Lovely Fruit Park (Japan).pvr,HDR0055.pvr
Himitsu - Tadagaita Natsu (Japan).pvr,T46101M.pvr
Hundred Swords (Japan).pvr,HDR0124.pvr
Hundred Swords @barai Version (Japan).pvr,HDR0127.pvr
Idol Janshi o Tsukucchaou (Japan).pvr,T5703M.pvr
Idol Janshi o Tsukucchaou Limited Edition (Japan).pvr,T5702M.pvr
Ikaruga (Japan).pvr,T38706M.pvr
Illbleed (Japan).pvr,T45601M.pvr
Imperial no Taka - Fighter of Zero (Japan).pvr,T43501M.pvr
Incoming - Ginrui Saishuu Kessen (Japan).pvr,T15001M.pvr
Inoue Ryoko - Last Scene (Japan).pvr,T19506M.pvr
Inoue Ryoko - Roommate (Japan).pvr,T19505M.pvr
Interlude (Japan).pvr,T20127M.pvr
Interlude Limited Edition (Japan).pvr,T20117M.pvr
Iris (Japan).pvr,T19721M.pvr
Iris Limited Edition (Japan).pvr,T19722M.pvr
Izumo (Japan).pvr,T46902M.pvr
J.League Pro Soccer Club o Tsukurou! (Japan).pvr,HDR0028.pvr
J.League Spectacle Soccer (Japan).pvr,HDR0154.pvr
Jet Coaster Dream (Japan).pvr,T40902M.pvr
Jet Coaster Dream 2 (Japan).pvr,T41201M.pvr
Jet Set Radio (Japan).pvr,HDR0078.pvr
Jikkyou Powerful Pro Yakyuu Dreamcast Edition (Japan).pvr,T9507M.pvr
Jinsei Game for Dreamcast (Japan).pvr,T10301M.pvr
Jissen Pachi-Slot Hisshouhou!@VPACHI Kingdom (Japan).pvr,T18802M.pvr
Jojo no Kimyouna Bouken - Miraihe no Isan (Japan).pvr,T1205M.pvr
Jojo no Kimyouna Bouken - Miraihe no Isan for Matching Service (Japan).pvr,T1231M.pvr
JRA PAT for Dreamcast (Japan).pvr,T42501M.pvr
July (Japan).pvr,T35401M.pvr
Kaen Seibo - The Virgin on Megiddo (Japan).pvr,T42802M.pvr
Kaitou Apricot (Japan).pvr,T37910M.pvr
Kanon (Japan).pvr,T20105M.pvr
Karous (Japan).pvr,T47803M.pvr
Kaze no Uta (Japan).pvr,T47501M.pvr
Kidou Senkan Nadesico - Nadesico the Mission (Japan).pvr,T27901M.pvr
Kidou Senshi Gundam Gaiden - Colony no Ochichita Chide... (Japan).pvr,T13302M.pvr
Kidou Senshi Gundam Gaiden - Premium Disc - Gundam 20th Anniversary Edition (Japan).pvr,T13301M.pvr
Kidou Senshi Gundam Gaiden - Special Version (Japan).pvr,T13303M.pvr
Kidou Senshi Gundam - Giren no Yabou- Zeon no Keifu (Japan).pvr,T13305M.pvr
Kidou Senshi Gundam - Renpou vs. Zeon DX (Japan).pvr,T13306M.pvr
Kimi ga Nozomu Eien (Japan).pvr,T47101M.pvr
Kimi ga Nozomu Eien Limited Edition (Japan).pvr,T47102M.pvr
Kita e. Photo Memories (Japan).pvr,T14306M.pvr
Kita e. White Illumination (Japan).pvr,T14301M.pvr
Kitaihei Gold (Japan).pvr,T39801M.pvr
Kiteretsu Shounen's Gangagan (Japan).pvr,HDR0064.pvr
Kiteretsu Shounen's Gangagan with Microphone (Japan).pvr,HDR0068.pvr
Konohana 2 - Todoke Kanai Requiem (Japan).pvr,T9906M.pvr
Konohana - True Report (Japan).pvr,T9905M.pvr
Kuon no Kizuna - Sairinsho (Japan).pvr,T36701M.pvr
L.O.L. - Lack of Love (Japan).pvr,T2106M.pvr
Lake Masters PRO for Dreamcast Plus! (Japan).pvr,T42401M.pvr
Langrisser Millennium (Japan).pvr,T2501M.pvr
Le Mans 24 Hours (Japan).pvr,HDR0149.pvr
Love Hina - Smile Again (Japan).pvr,HDR0139.pvr
Love Hina - Totsuzen no Engeji Happening (Japan).pvr,HDR0102.pvr
Love Hina - Totsuzen no Engeji Happening Limited Edition (Japan).pvr,HDR0112.pvr
Maboroshi Tsukiyo (Japan).pvr,T4401M.pvr
Macross M3 (Japan).pvr,T21501M.pvr
Macross M3 Limited Edition (Japan).pvr,T21502M.pvr
Ma-Gi - Marginal (Japan).pvr,T46514M.pvr
Magic - The Gathering (Japan).pvr,HDR0116.pvr
Mahjong Taikai II Special (Japan).pvr,T7601M.pvr
Majo no Ochakai (Japan).pvr,T20124M.pvr
Majo no Ochakai Limited Edition (Japan).pvr,T20126M.pvr
Maken X (Japan).pvr,T14401M.pvr
Marie to Elie Atelier (Japan).pvr,T44701M.pvr
Marionette Company (Japan).pvr,T5202M.pvr
Marionette Company 2 Chu! (Japan).pvr,T5203M.pvr
Marionette Company Limited Edition (Japan).pvr,T5201M.pvr
Marionette Handler (Japan).pvr,T2201M.pvr
Marionette Handler 2 (Japan).pvr,T2204M.pvr
Mars Matrix (Japan).pvr,T1238M.pvr
Marvel vs. Capcom 2 - New Age of Heroes (Japan).pvr,T1215M.pvr
Marvel vs. Capcom - Clash of Super Heroes (Japan).pvr,T1202M.pvr
Mei * Puru (Japan).pvr,T46510M.pvr
Memories Off 2nd (Japan).pvr,T19707M.pvr
Memories Off 2nd Limited Edition (Japan).pvr,T19708M.pvr
Memories Off Complete (Japan).pvr,T19702M.pvr
Mercurius Pretty - End of the Century (Japan).pvr,T20103M.pvr
Metal Wolf (Japan).pvr,T46507M.pvr
Metal Wolf Limited Edition (Japan).pvr,T46506M.pvr
Milky Season (Japan).pvr,T19713M.pvr
Miss Moonlight (Japan).pvr,T18702M.pvr
Missing Parts 2 - The Tantei Stories (Japan).pvr,T36703M.pvr
Missing Parts 3 (Japan).pvr,T36704M.pvr
Missing Parts - The Tantei Stories (Japan).pvr,T36702M.pvr
Mizuiro (Japan).pvr,T20114M.pvr
Mizuiro Limited Edition (Japan).pvr,T20115M.pvr
Moekan (Japan).pvr,T46515M.pvr
Moero! Justice Gakuen (Japan).pvr,T1221M.pvr
Monaco Grand Prix Racing Simulation 2 (Japan).pvr,T17701M.pvr
Morita no Saikyou Reversi (Japan).pvr,T39102M.pvr
Morita no Saikyou Shogi (Japan).pvr,T39101M.pvr
Motto Pro Yakyuu Team o Tsukurou! (Japan).pvr,HDR0092.pvr
Mr. Driller (Japan).pvr,T1402M.pvr
Musapey's Choco Marker (Japan).pvr,T23203M.pvr
My Merry May (Japan).pvr,T19714M.pvr
My Merry Maybe (Japan).pvr,T19719M.pvr
Nakoruru - Anohito Kara no Okurimono (Japan).pvr,T44702M.pvr
Nanatsu no Hikan - Senritsu no Bishou (Japan).pvr,T7604M.pvr
Napple Tale - Arsia in Daydream (Japan).pvr,HDR0079.pvr
NBA 2K (Japan).pvr,HDR0069.pvr
NBA 2K1 (Japan).pvr,HDR0150.pvr
NBA 2K2 (Japan).pvr,HDR0197.pvr
Neo Golden Logres (Japan).pvr,T9904M.pvr
Neppachi II@VPACHI - CR Harenchi Gauken (Japan).pvr,T41003M.pvr
Neppachi III@VPACHI - CR do Konjou Gale 2 - CR do Konjou Gale H (Japan).pvr,T41004M.pvr
Neppachi IV@VPACHI - CR Aa! Hana no Ouendan 3 (Japan).pvr,T41005M.pvr
Neppachi V@VPACHI - CR Monster House (Japan).pvr,T41006M.pvr
Neppachi VI@VPACHI (Japan).pvr,T41007M.pvr
Neppachi - 10 Ren Chande Las Vegas Ryokou (Japan).pvr,T41001M.pvr
Neppachi - 10 Ren Chande Las Vegas Ryokou Limited Edition (Japan).pvr,T41002M.pvr
Net Versus Chess (Japan).pvr,T45706M.pvr
Net Versus Hanafuda (Japan).pvr,T45704M.pvr
Net Versus Igo (Japan).pvr,T45703M.pvr
Net Versus Mahjong (Japan).pvr,T45701M.pvr
Net Versus Renju Gomoku Narabe (Japan).pvr,T45705M.pvr
Net Versus Reversi (Japan).pvr,T45707M.pvr
Net Versus Shogi (Japan).pvr,T45702M.pvr
Netto de Para (Japan).pvr,T37903M.pvr
Netto de Tennis (Japan).pvr,T1234M.pvr
Netto Golf (Japan).pvr,HDR0006.pvr
Never7 - The End of Infinity (Japan).pvr,T19703M.pvr
NFL 2K (Japan).pvr,HDR0058.pvr
NFL 2K1 (Japan).pvr,HDR0144.pvr
NFL 2K2 (Japan).pvr,HDR0196.pvr
Nijyuei (Japan).pvr,T46505M.pvr
Heisei Mahjong-Shou (Japan).pvr,T2202M.pvr
Nihon Pro Mahjong Renmei Kounin - Tetsuman Menkyokaiden (Japan).pvr,T18701M.pvr
Nishikaze no Kyoushikyouku (Japan).pvr,T44502M.pvr
Nobunaga no Yabou - Reppuuden (Japan).pvr,T7605M.pvr
Nobunaga no Yabou - Shouseiroku with Power-Up Kit (Japan).pvr,T7602M.pvr
Ogami Ichiro Funtouki - Sakura Taisen Kayou Show - Benitokage Yori (Japan).pvr,HDR0057.pvr
Omoide ni Kawaru-Kimi - Memories Off (Japan).pvr,T19718M.pvr
Onsei Ninshiki Mahjong - Jarman (Japan).pvr,T43401M.pvr
Orange Pocket (Japan).pvr,T18708M.pvr
Orange Pocket Limited Edition (Japan).pvr,T18707M.pvr
O-to-i-re - Dreamcast Sequencer (Japan).pvr,T32801M.pvr
Ouka Houshin (Japan).pvr,T38704M.pvr
OutTrigger (Japan).pvr,HDR0118.pvr
Pachinko no Dendou - CR Nanasy (Japan).pvr,T5205M.pvr
Pachi-Slot Teiou - Dream Slot - Heiwa SP (Japan).pvr,T20501M.pvr
Pachi-Slot Teiou - Dream Slot Olympia SP (Japan).pvr,T20502M.pvr
Pandora no Yume (Japan).pvr,T20120M.pvr
Pandora no Yume Limited Edition (Japan).pvr,T20119M.pvr
Panzer Front (Japan).pvr,T2102M.pvr
Patisserie Nanyanko (Japan).pvr,T18710M.pvr
Patisserie Nanyanko Limited Edition (Japan).pvr,T18709M.pvr
Pen Pen TriIcelon (Japan).pvr,T17001M.pvr
Phantasy Star Online (Japan).pvr,HDR0129.pvr
Phantasy Star Online Ver. 2 (Japan).pvr,HDR0163.pvr
Pia Carrot e Youkoso!! 2 (Japan).pvr,T20121M.pvr
Pia Carrot e Youkoso!! 2.5 (Japan).pvr,T20109M.pvr
Pia Carrot e Youkoso!! 3 (Japan).pvr,T20122M.pvr
Pia Carrot e Youkoso!! 3 Limited Edition (Japan).pvr,T20110M.pvr
Pizzicato Polka - Suisei Genya (Japan).pvr,T19724M.pvr
Plus Plum (Japan).pvr,T37901M.pvr
Pocke-Kano - Yumi - Shuzika - Fumio (Japan).pvr,T19501M.pvr
Pop'n Music (Japan).pvr,T9501M.pvr
Pop'n Music 2 (Japan).pvr,T9590M.pvr
Pop'n Music 3 Append Disc (Japan).pvr,T9591M.pvr
Pop'n Music 4 Append Disc (Japan).pvr,T9592M.pvr
Power Jet Racing 2001 (Japan).pvr,T6806M.pvr
Power Smash 2 (Japan).pvr,HDR0177.pvr
Power Stone (Japan).pvr,T1201M.pvr
Power Stone 2 (Japan).pvr,T1218M.pvr
Princess Holiday - Korogaru Ringo Tei Senya Ichiya (Japan).pvr,T47106M.pvr
Princess Maker Collection (Japan).pvr,T44801M.pvr
Prism Heart (Japan).pvr,T19712M.pvr
Prism Heart Limited Edition (Japan).pvr,T19711M.pvr
Prismaticallization (Japan).pvr,T22002M.pvr
Pro Mahjong Kiwame D (Japan).pvr,T16801M.pvr
Pro Yakyuu Team de Asobou (Japan).pvr,HDR0027.pvr
Pro Yakyuu Team de Asobou Net! (Japan).pvr,HDR0091.pvr
Pro Yakyuu Team o Tsukurou! (Japan).pvr,HDR0022.pvr
Pro Yakyuu Team o Tsukurou! & Asobou! (Japan).pvr,HDR0173.pvr
Psychic Force 2012 (Japan).pvr,T1101M.pvr
Psyvariar 2 - The Will to Fabricate (Japan).pvr,T9907M.pvr
Puyo Puyo 4 (Japan).pvr,HDR0014.pvr
Puyo Puyo Da! (Japan).pvr,T6601M.pvr
Puyo Puyo Fever (Japan).pvr,HDR0216.pvr
Puzzle Bobble 4 (Japan).pvr,T42301M.pvr
Quiz Aammegami-Sama Tatakau Tsubasa to Tomoni (Japan).pvr,HDR0105.pvr
Quiz Aammegami-Sama Tatakau Tsubasa to Tomoni Limited Edition (Japan).pvr,HDR0123.pvr
Radirgy (Japan).pvr,T47802M.pvr
Rainbow Cotton (Japan).pvr,T9901M.pvr
Rayman - Kaizokufune Kara no Dasshutsu! (Japan).pvr,T17703M.pvr
Ready 2 Rumble Boxing (Japan).pvr,HDR0051.pvr
Real Sound - Kaze no Regret (Japan).pvr,T30002M.pvr
Record of Lodoss War - Advent of Cardice (Japan).pvr,T27903M.pvr
Redline Racer (Japan).pvr,T15002M.pvr
Redux - Dark Matters (Japan).pvr,RDXREJP.pvr
Redux - Dark Matters Limited Edition (Japan).pvr,RDXLEJP.pvr
Ren'ai Chu! Happy Perfect (Japan).pvr,T47602M.pvr
Rent A Hero No. 1 (Japan).pvr,HDR0074.pvr
Revive... Sosei (Japan).pvr,T1301M.pvr
Re-Volt (Japan).pvr,T8101M.pvr
Rez (Japan).pvr,HDR0178.pvr
Ring (Japan).pvr,T27902M.pvr
Roommania #203 (Japan).pvr,HDR0044.pvr
Roommate Asami - Okusama wa Joshikousei Director's Edition (Japan).pvr,T19508M.pvr
Roommate Novel - Sato Yuka (Japan).pvr,T19502M.pvr
Run=Dim as Black Soul (Japan).pvr,T46201M.pvr
Rune Caster (Japan).pvr,T40001M.pvr
Rune Jade (Japan).pvr,T14304M.pvr
Sakura Momoko Gekijou - Kojikoji (Japan).pvr,T40802M.pvr
Sakura Taisen (Japan).pvr,HDR0072.pvr
Sakura Taisen 2 (Japan).pvr,HDR0082.pvr
Sakura Taisen 2 Limited Edition (Japan).pvr,HDR0108.pvr
Sakura Taisen 2 Memorial Pack (Japan).pvr,HDR0193.pvr
Sakura Taisen 3 - Paris wa Moeteiru ka (Japan).pvr,HDR0152.pvr
Sakura Taisen 3 - Paris wa Moeteiru ka Memorial Pack (Japan).pvr,HDR0194.pvr
Sakura Taisen 3 - Paris wa Moeteiru ka Music Box Limited Edition (Japan).pvr,HDR0147.pvr
Sakura Taisen 3 - Paris wa Moeteiru ka VMS Limited Edition (Japan).pvr,HDR0148.pvr
Sakura Taisen 4 (Japan).pvr,HDR0191.pvr
Sakura Taisen 4 Limited Edition (Japan).pvr,HDR0202.pvr
Sakura Taisen Complete Box (Japan).pvr,HDR0201.pvr
Sakura Taisen Hanagumi Taisen Columns 2 (Japan).pvr,HDR0046.pvr
Sakura Taisen Limited Edition (Japan).pvr,HDR0089.pvr
Sakura Taisen Memorial Pack (Japan).pvr,HDR0192.pvr
Sakura Taisen Online - Paris no Nagai Hibi (Japan).pvr,HDR0185.pvr
Sakura Taisen Online - Paris no Nagai Hibi Limited Edition (Japan).pvr,HDR0189.pvr
Sakura Taisen Online - Teito no Yuugana Hibi (Japan).pvr,HDR0184.pvr
Sakura Taisen Online - Teito no Yuugana Hibi Limited Edition (Japan).pvr,HDR0188.pvr
Sakura Taisen - Kinematron Hanagumi Mail (Japan).pvr,HDR0136.pvr
Sakura Wars Dream Passport 3 (Japan).pvr,6107996.pvr
Samba de Amigo (Japan).pvr,HDR0063.pvr
Samba de Amigo Ver. 2000 (Japan).pvr,HDR0131.pvr
San Goku Shi VI (Japan).pvr,T7603M.pvr
San Goku Shi VI with Power-Up Kit (Japan).pvr,T7607M.pvr
Seaman with Microphone (Japan).pvr,T39402M.pvr
Seaman with Microphone and VMU (Japan).pvr,T39401M.pvr
Seaman - Kindan no Pet 2001 (Japan).pvr,T39405M.pvr
Sega Extreme Sports (Japan).pvr,HDR0146.pvr
Sega GT Homologation Special (Japan).pvr,HDR0054.pvr
Sega Marine Fishing (Japan).pvr,HDR0104.pvr
Sega Professional Tennis - Power Smash (Japan).pvr,HDR0113.pvr
Sega Rally 2 (Japan).pvr,HDR0010.pvr
Sega Tetris (Japan).pvr,HDR0073.pvr
Segagaga (Japan).pvr,HDR0151.pvr
Seirai Hata RayBlade (Japan).pvr,T42201M.pvr
Seitai Heiki Expendable (Japan).pvr,T15003M.pvr
Sekai Fushigi Hakken! Troya (Japan).pvr,T39701M.pvr
Sengoku Turb (Japan).pvr,T38801M.pvr
Sengoku Turb F.I.D (Japan).pvr,T38805M.pvr
Sentimental Graffiti 2 (Japan).pvr,T20104M.pvr
Sentimental Graffiti - Yakusoku (Japan).pvr,T20128M.pvr
Seventh Cross (Japan).pvr,T38802M.pvr
Shanghai Dynasty (Japan).pvr,T9902M.pvr
Shenmue II (Japan).pvr,HDR0164.pvr
Shenmue - Ichishou Yokosuka (Japan).pvr,HDR0016.pvr
Shikigami no Shiro II (Japan).pvr,T47702M.pvr
Shin Honkaku Hanafuda (Japan).pvr,T16601M.pvr
Shin Nippon Pro Wrestling - Toukon Retsuden 4 (Japan).pvr,T28202M.pvr
Shinkisekai Evolution (Japan).pvr,T38701M.pvr
Shinkisekai Evolution 2 (Japan).pvr,T38703M.pvr
Shinseiki Evangelion - Ayanami Rei Ikusei Keikaku (Japan).pvr,T46303.pvr
Shin Seiki Evangelion - Typing E Keikaku (Japan).pvr,T35101M.pvr
Shin Seiki Evangelion - Typing Hokan Keikaku (Japan).pvr,T35102M.pvr
Shirotsume Kusa Hanashi - Episode of the Clovers (Japan).pvr,T20123M.pvr
Shirotsume Kusa Hanashi - Episode of the Clovers Limited Edition (Japan).pvr,T20125M.pvr
Shutokou Battle (Japan).pvr,T30801M.pvr
Shutokou Battle 2 (Japan).pvr,T30803M.pvr
Silent Scope (Japan).pvr,T9513M.pvr
Simple 2000 Series Vol. 1 - The Renai Adventure - Bitter Sweet Fools (Japan).pvr,T47401M.pvr
Simple 2000 Series Vol. 2 - The Renai Simulation - Natsuiro Celebration (Japan).pvr,T47404M.pvr
Simple 2000 Series Vol. 3 - The Renai Simulation 2 - Fureai (Japan).pvr,T47402M.pvr
Simple 2000 Series Vol. 4 - The Renai Adventure - Okaeri!! (Japan).pvr,T47403M.pvr
Sister Princess Premium Edition (Japan).pvr,T27802M.pvr
Snow (Japan).pvr,T20132M.pvr
Soccer Tsuku Tokudai Gou 2 - J.League Pro Soccer Club o Tsukurou! (Japan).pvr,HDR0183.pvr
Soccer Tsuku Tokudai Gou J.League Pro Soccer Club o Tsukurou! (Japan).pvr,HDR0126.pvr
Sonic Adventure (Japan).pvr,HDR0001.pvr
Sonic Adventure 2 (Japan).pvr,HDR0165.pvr
Sonic Adventure International (Japan).pvr,HDR0043.pvr
Sonic Shuffle (Japan).pvr,HDR0125.pvr
Sorcerian - Shichisei Mahou no Shito (Japan).pvr,T9103M.pvr
Sorcerian - Shichisei Mahou no Shito Limited Edition (Japan).pvr,T9102M.pvr
SoulCalibur (Japan).pvr,T1401M.pvr
Space Channel 5 (Japan).pvr,HDR0029.pvr
Space Channel 5 Part 2 (Japan).pvr,HDR0190.pvr
Space Channel 5 Part 2 Limited Edition (Japan).pvr,HDR0200.pvr
Spawn - In the Demon's Hand (Japan).pvr,T1216M.pvr
Speed Devils (Japan).pvr,T17702M.pvr
Spirit of Speed 1937 (Japan).pvr,T8102M.pvr
Sports Jam (Japan).pvr,HDR0153.pvr
Star Gladiator 2 - Nightmare of Blisten (Japan).pvr,T1204M.pvr
Street Fighter III - 3rd Strike (Japan).pvr,T1209M.pvr
Street Fighter III - W Impact (Japan).pvr,T1211M.pvr
Street Fighter Zero 3 - Saikyooryuu Doujou (Japan).pvr,T1203M.pvr
Street Fighter Zero 3 - Saikyooryuu Doujou for Matching Service (Japan).pvr,T1230M.pvr
Sturmwind (Japan).pvr,STWDDC.pvr
Suigetsu Mayoi-Gokoro (Japan).pvr,T19725M.pvr
Suika (Japan).pvr,T46509M.pvr
Suika Limited Edition (Japan).pvr,T46508M.pvr
Sunrise Eiyuutan (Japan).pvr,T41101M.pvr
Super Euro Soccer 2000 (Japan).pvr,T15006M.pvr
Super Magnetic NiuNiu (Japan).pvr,T30802M.pvr
Super Producers (Japan).pvr,T14303M.pvr
Super Puzzle Fighter II X for Matching Service (Japan).pvr,T1250M.pvr
Super Robot Taisen Alpha (Japan).pvr,T20602M.pvr
Super Runabout (Japan).pvr,T22101M.pvr
Super Runabout - San Francisco Edition (Japan).pvr,T22102M.pvr
Super Speed Racing (Japan).pvr,HDR0013.pvr
Super Street Fighter II X - Grand Master Challenge for Matching Service (Japan).pvr,T1236M.pvr
Sweet Season (Japan).pvr,T37911M.pvr
Sydney 2000 (Japan).pvr,T1237M.pvr
Taisen Net Gimmick - Capcom & Psikyo All Stars (Japan).pvr,T1248M.pvr
Tako no Marine (Japan).pvr,T5204M.pvr
Tamakyuu (Japan).pvr,T20133M.pvr
Tanaka Torahiko no Uru Toraryuu Shogi (Japan).pvr,T22001M.pvr
Tantei Shinshi Dash! (Japan).pvr,T44401M.pvr
Tantei Shinshi Dash! Limited Edition (Japan).pvr,T44403M.pvr
Tenohirao Taiyouni (Japan).pvr,T46516M.pvr
Tentama - 1st Sunnyside (Japan).pvr,T19710M.pvr
Tetris 4D (Japan).pvr,T20801M.pvr
The House of the Dead 2 (Japan).pvr,HDR0007.pvr
The House of the Dead 2 with Gun (Japan).pvr,HDR0011.pvr
The King of Fighters 2000 (Japan).pvr,T47303M.pvr
The King of Fighters 2001 (Japan).pvr,T47304M.pvr
The King of Fighters 2002 (Japan).pvr,T47305M.pvr
The King of Fighters '99 Evolution (Japan).pvr,T3102M.pvr
The King of Fighters Dream Match 1999 (Japan).pvr,T3101M.pvr
The Shinri Game (Japan).pvr,T43403M.pvr
The Typing of the Dead (Japan).pvr,HDR0067.pvr
Tokusatsu Bouken Katsugeki Super Hero Retsuden (Japan).pvr,T20601M.pvr
Tokyo Bus Guide (Japan).pvr,T35402M.pvr
Tokyo Bus Guide - Bijin Bus Guide Tenjou Disc (Japan).pvr,T35404M.pvr
Tomb Raider 4 - The Last Revelation (Japan).pvr,T1233M.pvr
Totsugeki! Teketeke!! Toy Ranger (Japan).pvr,HDR0052.pvr
Toyota Digital Catalog - Celsior (Japan).pvr,T39214M.pvr
Toyota Doricatch Series - Celica (Japan).pvr,T39205M.pvr
Toyota Doricatch Series - Estima (Japan).pvr,T39209M.pvr
Toyota Doricatch Series - FunCargo (Japan).pvr,T39206M.pvr
Toyota Doricatch Series - Gaia (Japan).pvr,T39201M.pvr
Toyota Doricatch Series - Land Cruiser 100/Cygnus (Japan).pvr,T39202M.pvr
Treasure Strike (Japan).pvr,T19701M.pvr
Tricolore Crise (Japan).pvr,T9104M.pvr
Triggerheart Exelica (Japan).pvr,T29102M.pvr
Trizeal (Japan).pvr,T47901M.pvr
Tsuki wa Higashi ni Ha wa Nishi na - Operation Sanctuary (Japan).pvr,T47109M.pvr
Twinkle Star Sprites (Japan).pvr,T3103M.pvr
Typing of the Date (Japan).pvr,T14307M.pvr
Ultimate Fighting Championship (Japan).pvr,T1241M.pvr
Under Defeat (Japan).pvr,T46705M.pvr
Undercover AD2025 Kei (Japan).pvr,T39001M.pvr
US Shenmue (Japan).pvr,HDR0156.pvr
Utau * Tumbling Dice (Japan).pvr,T23207M.pvr
Utau * Tumbling Dice Limited Edition (Japan).pvr,T23206M.pvr
Vampire Chronicle for Matching Service (Japan).pvr,T1235M.pvr
Vermilion Desert (Japan).pvr,T5302M.pvr
Vigilante 8 - 2nd Battle (Japan).pvr,T36501M.pvr
Visual Park (Japan).pvr,6107801.pvr
Virtua Athlete 2K (Japan).pvr,HDR0081.pvr
Virtua Cop 2 (Japan).pvr,HDR0061.pvr
Virtua Fighter 3tb (Japan).pvr,HDR0002.pvr
Virtua Striker 2 Ver. 2000.1 (Japan).pvr,HDR0045.pvr
Weakness Hero Torauman (Japan).pvr,T35405M.pvr
Web Mystery - Yochi Yume o Kenru Neko (Japan).pvr,T39501M.pvr
What's Shenmue (Japan).pvr,6107179.pvr
Wind -a breath of heart- (Japan).pvr,T47104M.pvr
Winning Post 4 Program 2000 (Japan).pvr,T7606M.pvr
World Neverland 2 Plus (Japan).pvr,T5303M.pvr
World Neverland Plus - Orurudo Oukoku Monogatari (Japan).pvr,T5301M.pvr
World Series Baseball 2K1 (Japan).pvr,HDR0157.pvr
World Series Baseball 2K2 (Japan).pvr,HDR0198.pvr
WWF Royal Rumble (Japan).pvr,T45101M.pvr
Yoshia no Oka de Nekoronde... (Japan).pvr,T18704M.pvr
Yukawa Moto Senmu no Otakara Sagashi (Japan).pvr,HDR0024.pvr
Yuki Katari (Japan).pvr,T37909M.pvr
Yuki Katari Limited Edition (Japan).pvr,T37907M.pvr
Yukyu Gensokyoku 3 - Perpetual Blue (Japan).pvr,T27801M.pvr
Yume no Tsubasa - Fate of Heart (Japan).pvr,T19706M.pvr
Yume no Tsubasa - Fate of Heart Limited Edition (Japan).pvr,T19705M.pvr
Yume Uma Ken '99 Internet (Japan).pvr,T40101M.pvr
Zero Gunner 2 (Japan).pvr,T20401M.pvr
Zombie Revenge (Japan).pvr,HDR0026.pvr
Zusar Vasar (Japan).pvr,T43301M.pvr
