18 Wheeler - American Pro Trucker (Europe).pvr,MK5106450.pvr
4 Wheel Thunder (Europe).pvr,T9706D50.pvr
90 Minutes - Sega Championship Football (Europe).pvr,MK5119050.pvr
AeroWings (Europe).pvr,T40202D.pvr
AeroWings 2 - Airstrike (Europe).pvr,T40209D.pvr
Alone in the Dark - The New Nightmare (Europe).pvr,T15112D05.pvr
Aqua GT (Europe).pvr,T40509D.pvr
Army Men - Sarge's Heroes (Europe).pvr,T9708D.pvr
Bangai-O (Europe).pvr,T7011D.pvr
Blue Stinger (Europe).pvr,T13001D.pvr
Buggy Heat (Europe).pvr,MK5104050.pvr
Bust-A-Move 4 (Europe).pvr,T8109D50.pvr
Caesars Palace 2000 - Millennium Gold Edition (Europe).pvr,12502D50.pvr
Cannon Spike (Europe).pvr,T46601D.pvr
Capcom vs. SNK (Europe).pvr,T7017D.pvr
Carrier (Europe).pvr,T44901D.pvr
Championship Surfer (Europe).pvr,T41402D.pvr
Charge 'N Blast (Europe).pvr,T44902D.pvr
Chicken Run (Europe).pvr,T36814D.pvr
ChuChu Rocket! (Europe).pvr,MK5104950.pvr
Coaster Works (Europe).pvr,T44903D.pvr
Confidential Mission (Europe).pvr,MK5116050.pvr
Conflict Zone (Europe).pvr,T46604D.pvr
Crazy Taxi (Europe).pvr,MK5103550.pvr
Crazy Taxi 2 (Europe).pvr,MK5113650.pvr
Dave Mirra Freestyle BMX (Europe).pvr,T8120D.pvr
Daytona USA 2001 (Europe).pvr,MK5103750.pvr
Dead or Alive 2 (Europe).pvr,T8116D.pvr
Deadly Skies (Europe).pvr,T9501N50.pvr
Deep Fighter (Europe).pvr,T17704D.pvr
Dino Crisis (Europe).pvr,T7019D.pvr
Disney's 102 Dalmatians - Puppies to the Rescue (Europe).pvr,T36813D.pvr
Disney's Dinosaur (Europe).pvr,T17718D.pvr
Disney's Donald Duck - Quack Attack (Europe).pvr,T17714D50.pvr
Buzz Lightyear of Star Command (Europe).pvr,T13005D.pvr
Toy Story 2 - Buzz Lightyear to the Rescue! (Europe).pvr,T13003D.pvr
Dragon Riders - Chronicles of Pern (Europe).pvr,T17716D.pvr
Dragon's Blood (Europe).pvr,T12503D50.pvr
Ducati World (Europe).pvr,T8121D50.pvr
Dynamite Cop! (Europe).pvr,MK5101350.pvr
Ecco the Dolphin - Defender of the Future (Europe).pvr,MK5103350.pvr
ECW Anarchy Rulz (Europe).pvr,T8119D.pvr
ECW Hardcore Revolution (Europe).pvr,T8111D50.pvr
ESPN International Track & Field (Europe).pvr,T9504D.pvr
European Super League (Europe).pvr,T7015D.pvr
Evil Dead - Hail to the King (Europe).pvr,T10005D.pvr
Evil Twin - Cyprien's Chronicles (Europe).pvr,T46605D.pvr
Evolution 2 - Far Off Promise (Europe).pvr,T45005D.pvr
Evolution - The World of Sacred Device (Europe).pvr,T17705D.pvr
Exhibition of Speed (Europe).pvr,T22903D.pvr
F1 Racing Championship (Europe).pvr,17706D50.pvr
F1 World Grand Prix (Europe).pvr,T3001D.pvr
F1 World Grand Prix II (Europe).pvr,T3002M.pvr
F355 Challenge - Passione Rossa (Europe).pvr,T8118D.pvr
Fighting Force 2 (Europe).pvr,36802D.pvr
Fighting Vipers 2 (Europe).pvr,MK5115450.pvr
Floigan Bros. Episode 1 (Europe).pvr,MK5111450.pvr
Freestyle Scooter (Europe).pvr,T40214D.pvr
Fur Fighters (Europe).pvr,T8113D50.pvr
Gauntlet Legends (Europe).pvr,T9707D.pvr
Giant Killers (Europe).pvr,T45401D.pvr
GigaWing (Europe).pvr,T7008D.pvr
Grand Theft Auto 2 (Europe).pvr,T40502D.pvr
Grandia II (Europe).pvr,T17715D.pvr
Gunbird 2 (Europe).pvr,T7018D.pvr
Headhunter (Europe).pvr,MK5104150.pvr
Heavy Metal - Geomatrix (Europe).pvr,T46602D.pvr
Hidden & Dangerous (Europe).pvr,T40503D.pvr
Hydro Thunder (Europe).pvr,T9702D50.pvr
Incoming (Europe).pvr,T40701D50.pvr
Iron Aces (Europe).pvr,T44904D.pvr
Jeremy McGrath Supercross 2000 (Europe).pvr,T8114D.pvr
Jet Set Radio (Europe).pvr,MK5105850.pvr
Jimmy White's 2 - Cueball (Europe).pvr,T7001D.pvr
JoJo's Bizarre Adventure (Europe).pvr,T7007D.pvr
Kao the Kangaroo (Europe).pvr,T22902D.pvr
KISS - Psycho Circus - The Nightmare Child (Europe).pvr,T40506D.pvr
Le Mans 24 Hours (Europe).pvr,T15111D.pvr
Legacy of Kain - Soul Reaver (Europe).pvr,T36803D05.pvr
Looney Tunes - Space Race (Europe).pvr,T15108D.pvr
MagForce Racing (Europe).pvr,T40207D.pvr
Maken X (Europe).pvr,MK5105050.pvr
Marvel vs. Capcom 2 - New Age of Heroes (Europe).pvr,T7010D.pvr
Marvel vs. Capcom - Clash of Super Heroes (Europe).pvr,T7002D.pvr
MDK2 (Europe).pvr,T12501D.pvr
Metropolis Street Racer Opel Challenge (Europe).pvr,MK0001.pvr
Midway's Greatest Arcade Hits - Volume 1 (Europe).pvr,T9710D50.pvr
Millennium Soldier - Expendable (Europe).pvr,T15101D50.pvr
Moho (Europe).pvr,T40508D.pvr
Mortal Kombat Gold (Europe).pvr,T9701D.pvr
Mr. Driller (Europe).pvr,T7020D.pvr
MSR - Metropolis Street Racer (Europe).pvr,MK5102250.pvr
MTV Sports - Skateboarding featuring Andy Macdonald (Europe).pvr,T10001D.pvr
NBA 2K (Europe).pvr,MK5100450.pvr
NBA 2K2 (Europe).pvr,MK5117850.pvr
NBA Hoopz (Europe).pvr,T9713D.pvr
NBA Showtime - NBA on NBC (Europe).pvr,T9705D50.pvr
NFL Blitz 2000 (Europe).pvr,T9703D50.pvr
NFL Quarterback Club 2000 (Europe).pvr,T8102D.pvr
NHL 2K (Europe).pvr,MK5102550.pvr
Nightmare Creatures II (Europe).pvr,T9502D50.pvr
OutTrigger (Europe).pvr,MK5110250.pvr
PenPen (Europe).pvr,T15103D.pvr
Phantasy Star Online (Europe).pvr,MK5110050.pvr
Phantasy Star Online Ver. 2 (Europe).pvr,MK5119350.pvr
Planet Ring (Europe).pvr,MK5112550.pvr
Plasma Sword - Nightmare of Bilstein (Europe).pvr,T7003D.pvr
POD 2 - Multiplayer Online (Europe).pvr,T17710D50.pvr
Power Stone (Europe).pvr,T36801D.pvr
Power Stone 2 (Europe).pvr,T36812D.pvr
Pro Pinball Trilogy (Europe).pvr,T30701D.pvr
Project Justice - Rival Schools 2 (Europe).pvr,T7022D.pvr
Psychic Force 2012 (Europe).pvr,T8106D50.pvr
Quake III - Arena (Europe).pvr,MK5106150.pvr
Racing Simulation 2 - Monaco Grand Prix On-Line (Europe).pvr,T45006D50.pvr
Racing Simulation - Monaco Grand Prix (Europe).pvr,17701D.pvr
Railroad Tycoon II (Europe).pvr,T40505D.pvr
Rayman 2 - The Great Escape (Europe).pvr,17707D.pvr
Re-Volt (Europe).pvr,T8107D.pvr
Ready 2 Rumble Boxing (Europe).pvr,T9704D.pvr
Ready 2 Rumble Boxing - Round 2 (Europe).pvr,T9711D.pvr
Record of Lodoss War (Europe).pvr,T7012D.pvr
Red Dog - Superior Firepower (Europe).pvr,MK5102151.pvr
Resident Evil 2 (Europe).pvr,T7004D.pvr
Resident Evil 3 - Nemesis (Europe).pvr,T7021D.pvr
Resident Evil - Code - Veronica (Europe).pvr,T36806D.pvr
Rez (Europe).pvr,MK5119250.pvr
Roadsters (Europe).pvr,T22901D.pvr
Samba de Amigo (Europe).pvr,MK5109250.pvr
San Francisco Rush 2049 (Europe).pvr,T9709D50.pvr
Sega Bass Fishing (Europe).pvr,MK5100650.pvr
Sega Extreme Sports (Europe).pvr,MK5108150.pvr
Sega GT (Europe).pvr,MK5105350.pvr
Sega Rally 2 (Europe).pvr,MK5101950.pvr
Sega Worldwide Soccer 2000 (Europe).pvr,5103150.pvr
Sega Worldwide Soccer 2000 - Euro Edition (Europe).pvr,MK51083.pvr
Shadow Man (Europe).pvr,T8104D.pvr
Shenmue (Europe).pvr,MK5105950.pvr
Shenmue II (Europe).pvr,MK5118450.pvr
Silent Scope (Europe).pvr,T9505D.pvr
Silver (Europe).pvr,T15109D.pvr
Skies of Arcadia (Europe).pvr,MK5105250.pvr
Slave Zero (Europe).pvr,T15104D.pvr
Sno-Cross Championship Racing (Europe).pvr,T17722D.pvr
Snow Surfers (Europe).pvr,MK5101050.pvr
Soldier of Fortune (Europe).pvr,T17726D.pvr
Sonic Adventure (Europe).pvr,MK5100050.pvr
Sonic Adventure 2 (Europe).pvr,MK5111750.pvr
Sonic Shuffle (Europe).pvr,MK5106050.pvr
Soulcalibur (Europe).pvr,T1401D.pvr
Soul Fighter (Europe).pvr,T41401D.pvr
South Park - Chef's Luv Shack (Europe).pvr,T8105D50.pvr
South Park Rally (Europe).pvr,T8112D50.pvr
Space Channel 5 (Europe).pvr,MK5105150.pvr
Spawn - In the Demon's Hand (Europe).pvr,T36816D.pvr
Spec Ops II - Omega Squad (Europe).pvr,T45004D.pvr
Speed Devils (Europe).pvr,T17702D.pvr
Speed Devils - Online Racing (Europe).pvr,T17713D.pvr
Spider-Man (Europe).pvr,T13011D50.pvr
Spirit of Speed 1937 (Europe).pvr,T8117D50.pvr
Star Wars - Episode I - Racer (Europe).pvr,T23001D.pvr
Star Wars - Demolition (Europe).pvr,T13010D.pvr
Star Wars - Episode I - Jedi Power Battles (Europe).pvr,T23002D.pvr
StarLancer (Europe).pvr,T17723D.pvr
Street Fighter Alpha 3 (Europe).pvr,T7005D.pvr
Street Fighter III - 3rd Strike (Europe).pvr,T7013D50.pvr
Street Fighter III - Double Impact (Europe).pvr,T7006D.pvr
Stunt GP (Europe).pvr,T22904D.pvr
Stupid Invaders (Europe).pvr,T17711D.pvr
Super Magnetic Neo (Europe).pvr,T40206D.pvr
Super Runabout - The Golden State (Europe).pvr,T7014D.pvr
Surf Rocket Racers (Europe).pvr,T17721D.pvr
Suzuki Alstare - Extreme Racing (Europe).pvr,T17703D.pvr
Sword of the Berserk - Guts' Rage (Europe).pvr,T36807D.pvr
Sydney 2000 (Europe).pvr,T36808D.pvr
Taxi 2 - Le Jeu (Europe).pvr,TAXI2.pvr
Tech Romancer (Europe).pvr,T7009D50.pvr
Tee Off (Europe).pvr,T8108D.pvr
The Grinch (Europe).pvr,T9503D.pvr
The House of the Dead 2 (Europe).pvr,MK5100250.pvr
The Next Tetris (Europe).pvr,T17717D.pvr
The Nomad Soul (Europe).pvr,T36805D.pvr
Time Stalkers (Europe).pvr,MK5101153.pvr
Tokyo Highway Challenge (Europe).pvr,T40201D.pvr
Tokyo Highway Challenge 2 (Europe).pvr,T40210D.pvr
Tom Clancy's Rainbow Six (Europe).pvr,T45001D05.pvr
Tom Clancy's Rainbow Six - Rogue Spear (Europe).pvr,T45002D05.pvr
Tomb Raider Chronicles (Europe).pvr,T36815D05.pvr
Tomb Raider - The Last Revelation (Europe).pvr,T36804D05.pvr
Tony Hawk's Pro Skater 2 (Europe).pvr,T13008D.pvr
Tony Hawk's Skateboarding (Europe).pvr,T40204D.pvr
Toy Commander (Europe).pvr,MK5102050.pvr
Toy Racer (Europe).pvr,MK5114950.pvr
TrickStyle (Europe).pvr,T8101D50.pvr
UEFA Dream Soccer (Europe).pvr,MK5109505.pvr
UEFA Striker (Europe).pvr,T15102D.pvr
Ultimate Fighting Championship (Europe).pvr,T40203D.pvr
Unreal Tournament (Europe).pvr,T15113D.pvr
Urban Chaos (Europe).pvr,T36810D.pvr
V-Rally 2 - Expert Edition (Europe).pvr,T15105D.pvr
Vanishing Point (Europe).pvr,T8110D50.pvr
Vigilante 8 - 2nd Offense (Europe).pvr,T13002D.pvr
Virtua Athlete 2K (Europe).pvr,MK5109450.pvr
Virtua Fighter 3tb (Europe).pvr,MK5100150.pvr
Virtua Striker 2 Ver. 2000.1 (Europe).pvr,MK5102850.pvr
Virtua Tennis (Europe).pvr,MK5105450.pvr
Virtua Tennis 2 (Europe).pvr,MK5118650.pvr
Wacky Races (Europe).pvr,T15106D.pvr
Walt Disney World Quest - Magical Racing Tour (Europe).pvr,T36809D.pvr
Wetrix+ (Europe).pvr,T40504D.pvr
Who Wants to Be a Millionaire (Europe).pvr,T36811D.pvr
Wild Metal (Europe).pvr,T40501D50.pvr
Worms Armageddon (Europe).pvr,T40601D.pvr
Worms World Party (Europe).pvr,T7016D.pvr
WWF Attitude (Europe).pvr,T8103N50.pvr
WWF Royal Rumble (Europe).pvr,T10003D.pvr
Zombie Revenge (Europe).pvr,MK5103850.pvr
