Animal Basket (AW).pvr,T0021M.pvr
Block Pong-Pong (AW).pvr,T0023M.pvr
Demolish Fist (AW).pvr,T0008M.pvr
Dirty Pigskin Football (AW).pvr,T0015M.pvr
Dolphin Blue (AW).pvr,T0006M.pvr
Extreme Hunting (AW).pvr,T0024M.pvr
Extreme Hunting 2 (AW).pvr,T0025M.pvr
Faster Than Speed (AW).pvr,T0005M.pvr
Fist of the North Star (AW).pvr,T0026M.pvr
Force Five (AW).pvr,T0020M.pvr
Guilty Gear Isuka (AW).pvr,T0013M.pvr
Guilty Gear X v1.5 (AW).pvr,T0011M.pvr
KenJu (AW).pvr,T0019M.pvr
King of Fighters NEOWAVE (AW).pvr,T0007M.pvr
King of Fighters XI (AW).pvr,T0001M.pvr
Knights of Valor - The Seven Spirits (AW).pvr,T0004M.pvr
Maximum Speed (AW).pvr,T0010M.pvr
Metal Slug 6 (AW).pvr,T0000M.pvr
NEOGEO Battle Coliseum (AW).pvr,T0003M.pvr
Ranger Mission (AW).pvr,T0016M.pvr
Rumble Fish (AW).pvr,T0009M.pvr
Rumble Fish 2 (AW).pvr,T0012M.pvr
Samurai Shodown VI (AW).pvr,T0002M.pvr
SEGA Clay Challenge (AW).pvr,T0018M.pvr
Sports Shooting USA (AW).pvr,T0017M.pvr
Sushi Bar (AW).pvr,T0014M.pvr
Wai Wai Drive (AW).pvr,T0022M.pvr
