18 Wheeler - American Pro Trucker (USA).pvr,MK51064.pvr
4 Wheel Thunder (USA).pvr,T9708N.pvr
4x4 Evolution (USA).pvr,T41903N.pvr
AeroWings (USA).pvr,T40201N.pvr
AeroWings 2 - Airstrike (USA).pvr,T40210N.pvr
AirForce Delta (USA).pvr,T9501N.pvr
Alien Front Online (USA).pvr,MK51171.pvr
Alone in the Dark - The New Nightmare (USA).pvr,T15117N.pvr
Armada (USA).pvr,T40301N.pvr
Army Men - Sarge's Heroes (USA).pvr,T9715N.pvr
Atari Anniversary Edition (USA).pvr,T15130N.pvr
Bang! Gunship Elite (USA).pvr,T44102N.pvr
Bangai-O (USA).pvr,T40217N.pvr
Blue Stinger (USA).pvr,T13001N.pvr
Bomberman Online (USA).pvr,MK51065.pvr
Bust-A-Move 4 (USA).pvr,T8117N.pvr
Caesars Palace 2000 - Millennium Gold Edition (USA).pvr,T12504N.pvr
Cannon Spike (USA).pvr,T1215N.pvr
Capcom vs. SNK (USA).pvr,T1218N.pvr
Carrier (USA).pvr,T5701N.pvr
Centipede (USA).pvr,T40602N.pvr
Championship Surfer (USA).pvr,T41403N.pvr
Charge 'N Blast (USA).pvr,T15127N.pvr
Chicken Run (USA).pvr,T36811N.pvr
ChuChu Rocket! (USA).pvr,MK51049.pvr
Coaster Works (USA).pvr,T15128N.pvr
Confidential Mission (USA).pvr,MK51160.pvr
Conflict Zone (USA).pvr,T17721N.pvr
Crazy Taxi (USA).pvr,MK51035.pvr
Crazy Taxi 2 (USA).pvr,MK51136.pvr
Cyber Troopers Virtual On - Oratorio Tangram (USA).pvr,T13004N.pvr
D2 (USA).pvr,MK51036.pvr
Dave Mirra Freestyle BMX (USA).pvr,T8120N.pvr
Daytona USA (USA).pvr,MK51037.pvr
Dead or Alive 2 (USA).pvr,T3601N.pvr
Death Crimson OX (USA).pvr,T2401N.pvr
Deep Fighter (USA).pvr,T17705N.pvr
Demolition Racer - No Exit (USA).pvr,T15112N.pvr
Dino Crisis (USA).pvr,T1217N.pvr
102 Dalmatians - Puppies to the Rescue (USA).pvr,T36803N.pvr
Disney's Dinosaur (USA).pvr,T17717N.pvr
Disney's Donald Duck - Goin' Quackers (USA).pvr,T17719N.pvr
Buzz Lightyear of Star Command (USA).pvr,T13007N.pvr
Toy Story 2 - Buzz Lightyear to the Rescue! (USA).pvr,T13003N.pvr
Draconus - Cult of the Wyrm (USA).pvr,T40203N.pvr
Dragon Riders - Chronicles of Pern (USA).pvr,T17720N.pvr
Ducati World Racing Challenge (USA).pvr,T8113N.pvr
Dynamite Cop! (USA).pvr,MK51013.pvr
ECW Anarchy Rulz (USA).pvr,T8114N.pvr
ECW Hardcore Revolution (USA).pvr,T8112N.pvr
ESPN International Track & Field (USA).pvr,T9509N.pvr
ESPN NBA 2Night (USA).pvr,T9505N.pvr
Ecco the Dolphin - Defender of the Future (USA).pvr,MK51033.pvr
Elemental Gimmick Gear (USA).pvr,T41601N.pvr
Evil Dead - Hail to the King (USA).pvr,T10003N.pvr
Evolution 2 - Far Off Promise (USA).pvr,T1711N.pvr
Evolution - The World of Sacred Device (USA).pvr,T17706N.pvr
Expendable (USA).pvr,T15104N.pvr
F1 World Grand Prix (USA).pvr,T3001N.pvr
F355 Challenge - Passione Rossa (USA).pvr,MK0100.pvr
Fatal Fury - Mark of the Wolves (USA).pvr,T44306N.pvr
Fighting Force 2 (USA).pvr,36801N.pvr
Flag to Flag (USA).pvr,MK51007.pvr
Floigan Bros. - Episode 1 (USA).pvr,MK51114.pvr
Frogger 2 - Swampy's Revenge (USA).pvr,T40604N.pvr
Fur Fighters (USA).pvr,T8107N.pvr
Gauntlet Legends (USA).pvr,T9710N.pvr
GigaWing (USA).pvr,T1209N.pvr
GigaWing 2 (USA).pvr,T1222N.pvr
Grand Theft Auto 2 (USA).pvr,T42102N.pvr
Grandia II (USA).pvr,T17716N.pvr
Gunbird 2 (USA).pvr,T1214N.pvr
Gundam Side Story 0079 - Rise from the Ashes (USA).pvr,T13301N.pvr
Heavy Metal - Geomatrix (USA).pvr,T1223N.pvr
Hidden & Dangerous (USA).pvr,T40502N.pvr
Hoyle Casino (USA).pvr,T11008N.pvr
Hydro Thunder (USA).pvr,T9702N.pvr
Illbleed (USA).pvr,T46001N.pvr
Incoming (USA).pvr,T12503N.pvr
Industrial Spy - Operation Espionage (USA).pvr,T41302N.pvr
Iron Aces (USA).pvr,T15129N.pvr
Jeremy McGrath Supercross 2000 (USA).pvr,T8104N.pvr
Jet Grind Radio (USA).pvr,MK51058.pvr
JoJo's Bizarre Adventure (USA).pvr,T1206N.pvr
Kao the Kangaroo (USA).pvr,T22903N.pvr
KISS Psycho Circus - The Nightmare Child (USA).pvr,T41901N.pvr
Legacy of Kain - Soul Reaver (USA).pvr,T36802N.pvr
Looney Tunes - Space Race (USA).pvr,T15116N.pvr
MDK2 (USA).pvr,T12502N.pvr
MTV Sports - Skateboarding featuring Andy Macdonald (USA).pvr,T10004N.pvr
MagForce Racing (USA).pvr,T40208N.pvr
Maken X (USA).pvr,MK51050.pvr
Mars Matrix (USA).pvr,T1221N.pvr
Marvel vs. Capcom 2 (USA).pvr,T1212N.pvr
Marvel vs. Capcom - Clash of Super Heroes (USA).pvr,T1202N.pvr
Mat Hoffman's Pro BMX (USA).pvr,T13005N.pvr
Max Steel (USA).pvr,T41402N.pvr
Maximum Pool (USA).pvr,T11010N.pvr
Metropolis Street Racer (USA).pvr,MK51012.pvr
Midway's Greatest Arcade Hits - Volume 1 (USA).pvr,T9713N.pvr
Midway's Greatest Arcade Hits - Volume 2 (USA).pvr,T9714N.pvr
Monaco Grand Prix (USA).pvr,17701N.pvr
Mortal Kombat Gold (USA).pvr,T9701N.pvr
Mr. Driller (USA).pvr,T1402N.pvr
Ms. Pac-Man Maze Madness (USA).pvr,T1404N.pvr
NBA 2K (USA).pvr,MK51004.pvr
NBA 2K1 (USA).pvr,MK51063.pvr
NBA 2K2 (USA).pvr,MK51178.pvr
NBA Hoopz (USA).pvr,T9709N.pvr
NBA Showtime - NBA on NBC (USA).pvr,T9706N.pvr
NCAA College Football 2K2 (USA).pvr,MK51176.pvr
NFL 2K (USA).pvr,MK51003.pvr
NFL 2K1 (USA).pvr,MK51062.pvr
NFL 2K2 (USA).pvr,MK51168.pvr
NFL Blitz 2000 (USA).pvr,T9703N.pvr
NFL Blitz 2001 (USA).pvr,T9712N.pvr
NFL QB Club 2001 (USA).pvr,T8115N.pvr
NFL Quarterback Club 2000 (USA).pvr,T8101N.pvr
NHL 2K (USA).pvr,MK51025.pvr
NHL 2K2 (USA).pvr,MK51182.pvr
Namco Museum (USA).pvr,T1403N.pvr
Nightmare Creatures II (USA).pvr,T9504N.pvr
Omikron - The Nomad Soul (USA).pvr,T36807N.pvr
Ooga Booga (USA).pvr,MK51140.pvr
Outtrigger (USA).pvr,MK51102.pvr
POD - Speedzone (USA).pvr,T17713N.pvr
Pen Pen TriIcelon (USA).pvr,T15105N.pvr
Phantasy Star Online (USA).pvr,MK51100.pvr
Phantasy Star Online Ver. 2 (USA).pvr,MK51193.pvr
Plasma Sword - Nightmare of Bilstein (USA).pvr,T1207N.pvr
Power Stone (USA).pvr,T1201N.pvr
Power Stone 2 (USA).pvr,T1211N.pvr
Prince of Persia - Arabian Nights (USA).pvr,T41405N.pvr
Project Justice (USA).pvr,T1219N.pvr
Psychic Force 2012 (USA).pvr,T31101N.pvr
Q-bert (USA).pvr,T40403N.pvr
Quake III Arena (USA).pvr,MK51061.pvr
Railroad Tycoon II - Gold Edition (USA).pvr,T41902N.pvr
Rayman 2 - The Great Escape (USA).pvr,17707N.pvr
Razor Freestyle Scooter (USA).pvr,T40219N.pvr
Re-Volt (USA).pvr,T8109N.pvr
Ready 2 Rumble Boxing (USA).pvr,T9704N.pvr
Ready 2 Rumble Boxing - Round 2 (USA).pvr,T9717N.pvr
Record of Lodoss War (USA).pvr,T40218N.pvr
Red Dog - Superior Firepower (USA).pvr,T40215N.pvr
Reel Fishing - Wild (USA).pvr,T44303N.pvr
Resident Evil 2 (USA).pvr,T1205N.pvr
Resident Evil 3 - Nemesis (USA).pvr,T1220N.pvr
Resident Evil Code - Veronica (USA).pvr,T1204N.pvr
Rippin' Riders (USA).pvr,MK51010.pvr
Roadsters (USA).pvr,T22901N.pvr
Samba de Amigo (USA).pvr,MK51092.pvr
San Francisco Rush 2049 (USA).pvr,T9707N.pvr
Seaman (USA).pvr,MK51048.pvr
Sega Bass Fishing (USA).pvr,MK51006.pvr
Sega Bass Fishing 2 (USA).pvr,MK51166.pvr
Sega GT (USA).pvr,MK51053.pvr
Sega Marine Fishing (USA).pvr,MK51096.pvr
Sega Rally Championship 2 (USA).pvr,MK51019.pvr
Sega Smash Pack Volume 1 (USA).pvr,MK51146.pvr
Seventh Cross Evolution (USA).pvr,T41301N.pvr
Shadow Man (USA).pvr,T8106N.pvr
Shenmue (USA).pvr,MK51059.pvr
Silent Scope (USA).pvr,T9507N.pvr
Silver (USA).pvr,T15108N.pvr
Skies of Arcadia (USA).pvr,MK51052.pvr
Slave Zero (USA).pvr,T15106N.pvr
Sno-Cross Championship Racing (USA).pvr,T40207N.pvr
Soldier of Fortune (USA).pvr,T40212N.pvr
Sonic Adventure (USA).pvr,MK51000.pvr
Sonic Adventure 2 (USA).pvr,MK51117.pvr
Sonic Adventure Limited Edition (USA).pvr,MK51014.pvr
Sonic Shuffle (USA).pvr,MK51060.pvr
Soul Fighter (USA).pvr,T41401N.pvr
Soulcalibur (USA).pvr,T1401N.pvr
South Park Rally (USA).pvr,T8116N.pvr
South Park - Chef's Luv Shack (USA).pvr,T8105N.pvr
Space Channel 5 (USA).pvr,MK51051.pvr
Spawn - In the Demon's Hand (USA).pvr,T1216N.pvr
Spec Ops II - Omega Squad (USA).pvr,T41704N.pvr
Speed Devils (USA).pvr,T17702N.pvr
Speed Devils - Online Racing (USA).pvr,T17718N.pvr
Spider-Man (USA).pvr,T13008N.pvr
Spirit of Speed 1937 (USA).pvr,T8118N.pvr
Sports Jam (USA).pvr,T44304N.pvr
Star Wars - Episode I - Jedi Power Battles (USA).pvr,T23002N.pvr
Star Wars - Demolition (USA).pvr,T23003N.pvr
Star Wars - Episode I - Racer (USA).pvr,T23001N.pvr
StarLancer (USA).pvr,T40209N.pvr
Street Fighter Alpha 3 (USA).pvr,T1203N.pvr
Street Fighter III - 3rd Strike (USA).pvr,T1213N.pvr
Street Fighter III - Double Impact (USA).pvr,T1210N.pvr
Striker Pro 2000 (USA).pvr,T15111N.pvr
Stupid Invaders (USA).pvr,T17708N.pvr
Super Magnetic Neo (USA).pvr,T40206N.pvr
Super Runabout - San Francisco Edition (USA).pvr,T12509N.pvr
Surf Rocket Racers (USA).pvr,T40216N.pvr
Suzuki Alstare - Extreme Racing (USA).pvr,T17703N.pvr
Sword of the Berserk - Guts' Rage (USA).pvr,T36805N.pvr
Sydney 2000 (USA).pvr,T36808N.pvr
TNN Motorsports Hardcore Heat (USA).pvr,T13701N.pvr
Tech Romancer (USA).pvr,T1208N.pvr
Tee Off (USA).pvr,T8108N.pvr
Tennis 2K2 (USA).pvr,MK51186.pvr
Test Drive 6 (USA).pvr,T15102N.pvr
Test Drive Le Mans (USA).pvr,T15123N.pvr
Test Drive V-Rally (USA).pvr,T15110N.pvr
The Grinch (USA).pvr,T9512N.pvr
The House of the Dead 2 (USA).pvr,MK51002.pvr
The King of Fighters Evolution (USA).pvr,T44302N.pvr
The King of Fighters - Dream Match 1999 (USA).pvr,T3101N.pvr
The Last Blade 2 - Heart of the Samurai (USA).pvr,T44305N.pvr
The Next Tetris - On-line Edition (USA).pvr,T40214N.pvr
The Ring - Terror's Realm (USA).pvr,T15122N.pvr
The Typing of the Dead (USA).pvr,MK51144.pvr
Time Stalkers (USA).pvr,MK51011.pvr
Tokyo Xtreme Racer (USA).pvr,T40202N.pvr
Tokyo Xtreme Racer 2 (USA).pvr,T40211N.pvr
Tom Clancy's Rainbow Six (USA).pvr,T40401N.pvr
Tom Clancy's Rainbow Six - Rogue Spear (USA).pvr,T40402N.pvr
Tomb Raider - Chronicles (USA).pvr,T36812N.pvr
Tomb Raider - The Last Revelation (USA).pvr,T36806N.pvr
Tony Hawk's Pro Skater (USA).pvr,T40205N.pvr
Tony Hawk's Pro Skater 2 (USA).pvr,T13006N.pvr
Toy Commander (USA).pvr,MK57020.pvr
TrickStyle (USA).pvr,T8102N.pvr
Ultimate Fighting Championship (USA).pvr,T40204N.pvr
Unreal Tournament (USA).pvr,T15125N.pvr
Urban Chaos (USA).pvr,T36810N.pvr
Vanishing Point (USA).pvr,T8110N.pvr
Vigilante 8 - 2nd Offense (USA).pvr,T13002N.pvr
Virtua Athlete 2000 (USA).pvr,T44301N.pvr
Virtua Fighter 3tb (USA).pvr,MK51001.pvr
Virtua Striker 2 (USA).pvr,MK51028.pvr
Virtua Tennis (USA).pvr,MK51054.pvr
WWF Attitude (USA).pvr,T8103N.pvr
WWF Royal Rumble (USA).pvr,T10005N.pvr
Wacky Races (USA).pvr,T15113N.pvr
Walt Disney World Quest - Magical Racing Tour (USA).pvr,T36804N.pvr
Wetrix+ (USA).pvr,T8111N.pvr
Who Wants to Beat Up a Millionaire (USA).pvr,T11011N.pvr
Wild Metal (USA).pvr,T42101N.pvr
World Series Baseball 2K1 (USA).pvr,MK51055.pvr
World Series Baseball 2K2 (USA).pvr,MK51152.pvr
Worms Armageddon (USA).pvr,T40601N.pvr
Worms World Party (USA).pvr,T22904N.pvr
Xtreme Sports (USA).pvr,T15126N.pvr
Zombie Revenge (USA).pvr,MK51038.pvr
